stem,car_idx,class,IoU_A,IoU_B,delta,TPa,FPa,FNa,TPb,FPb,FNb
0000026_02000_d_0000028,1,car,0.0041,0.0000,-0.0041,47,1517,9969,0,1320,10016
0000026_02000_d_0000028,2,car,0.0278,0.9824,+0.9547,452,1717,14103,14486,190,69
0000026_02000_d_0000028,3,car,0.0066,0.9819,+0.9752,140,7556,13362,13471,218,31
0000026_02000_d_0000028,4,car,0.0129,0.0000,-0.0129,227,2970,14437,0,7601,14664
0000026_02000_d_0000028,5,car,0.0012,0.0000,-0.0012,24,1462,18317,0,3680,18341
0000026_02000_d_0000028,6,car,0.0616,0.9499,+0.8883,514,1973,5860,6083,30,291
0000026_02000_d_0000028,7,car,0.0040,0.0000,-0.0040,37,2151,7074,0,6091,7111
0000026_02000_d_0000028,8,car,0.7339,0.9733,+0.2394,2159,195,588,2694,21,53
0000026_02000_d_0000028,9,car,0.8379,0.9797,+0.1417,1820,112,240,2022,4,38
0000242_01475_d_0000007,1,car,0.6989,0.0000,-0.6989,65,15,13,0,3,78
0000242_01475_d_0000007,2,car,0.8571,0.0000,-0.8571,78,7,6,0,74,84
0000242_01475_d_0000007,3,car,0.7092,0.9453,+0.2361,100,15,26,121,2,5
0000242_01475_d_0000007,4,car,0.6667,0.0000,-0.6667,40,12,8,0,9,48
0000242_01475_d_0000007,5,car,0.8202,0.6322,-0.1880,73,5,11,55,3,29
0000242_01475_d_0000007,6,car,0.7737,0.0000,-0.7737,106,12,19,0,9,125
0000242_01475_d_0000007,7,car,0.7674,0.0000,-0.7674,99,17,13,0,35,112
0000242_01475_d_0000007,8,car,0.6897,0.1532,-0.5365,80,25,11,17,20,74
0000242_01475_d_0000007,9,car,0.8265,0.0000,-0.8265,162,1,33,0,127,195
0000242_01475_d_0000007,10,car,0.8819,0.7600,-0.1219,127,12,5,114,18,18
0000242_01475_d_0000007,11,van,0.9206,0.8991,-0.0216,406,19,16,383,4,39
0000242_01475_d_0000007,12,car,0.8856,0.8531,-0.0325,387,19,31,360,4,58
0000242_01475_d_0000007,13,car,0.9245,0.9091,-0.0154,392,19,13,380,13,25
0000242_01475_d_0000007,14,car,0.8710,0.0000,-0.8710,891,70,62,0,918,953
0000242_01475_d_0000007,15,car,0.9096,0.0000,-0.9096,171,5,12,0,49,183
0000242_01475_d_0000007,16,car,0.8514,0.0000,-0.8514,235,13,28,0,165,263
0000242_01475_d_0000007,17,truck,0.0227,0.9636,+0.9409,25,177,900,900,9,25
0000242_01475_d_0000007,18,car,0.0011,0.9596,+0.9585,3,690,2009,1973,44,39
0000242_01475_d_0000007,19,car,0.0000,0.0000,+0.0000,0,628,6027,0,2289,6027
0000242_01475_d_0000007,20,car,0.0333,0.9656,+0.9323,69,155,1846,1883,35,32
0000242_01475_d_0000007,21,truck,0.0035,0.0000,-0.0035,56,1517,14657,0,1063,14713
0000242_01475_d_0000007,22,car,0.5055,0.0000,-0.5055,2072,489,1538,0,1070,3610
0000242_01475_d_0000007,23,car,0.0012,0.9719,+0.9707,4,368,2866,2838,50,32
0000242_01475_d_0000007,24,truck,0.0079,0.0000,-0.0079,34,776,3510,0,540,3544
0000242_01475_d_0000007,25,car,0.0657,0.0000,-0.0657,57,111,700,0,1301,757
0000242_01475_d_0000007,26,tricycle,0.9123,0.0000,-0.9123,437,30,12,0,263,449
0000242_01475_d_0000007,27,car,0.8674,0.0000,-0.8674,1197,62,121,0,918,1318
0000242_01475_d_0000007,28,car,0.7436,0.8209,+0.0773,174,37,23,165,4,32
0000242_01475_d_0000007,29,car,0.5035,0.3881,-0.1154,71,37,33,85,115,19
0000242_01475_d_0000007,30,car,0.7522,0.0000,-0.7522,85,10,18,0,77,103
0000242_01475_d_0000007,31,car,0.8207,0.0000,-0.8207,325,23,48,0,284,373
0000242_01475_d_0000007,32,car,0.8771,0.9003,+0.0232,578,52,29,569,25,38
0000242_01475_d_0000007,33,car,0.0273,0.0060,-0.0212,23,661,159,17,2632,165
0000242_01475_d_0000007,34,car,0.0246,0.0000,-0.0246,27,326,744,0,484,771
0000242_01475_d_0000007,35,car,0.7416,0.0773,-0.6642,1561,95,449,168,162,1842
0000242_01475_d_0000007,36,car,0.0987,0.0000,-0.0987,156,482,942,0,864,1098
0000242_01475_d_0000007,37,car,0.1483,0.0000,-0.1483,294,903,786,0,947,1080
0000242_01475_d_0000007,38,car,0.8478,0.9061,+0.0583,1103,106,92,1090,8,105
0000242_01475_d_0000007,39,car,0.6038,0.0000,-0.6038,471,89,220,0,1098,691
0000242_01475_d_0000007,40,car,0.7808,0.8866,+0.1058,481,80,55,477,2,59
0000242_01475_d_0000007,41,car,0.5240,0.0000,-0.5240,306,181,97,0,212,403
0000242_01475_d_0000007,42,car,0.4693,0.0000,-0.4693,283,118,202,0,175,485
0000242_01475_d_0000007,43,car,0.5348,0.0000,-0.5348,415,214,147,0,692,562
0000242_01475_d_0000007,44,car,0.8700,0.0099,-0.8601,522,34,44,13,742,553
0000242_01475_d_0000007,45,car,0.7826,0.0000,-0.7826,72,11,9,0,51,81
0000271_00001_d_0000374,1,van,0.0049,0.0000,-0.0049,64,2650,10234,0,1520,10298
0000271_00001_d_0000374,2,car,0.0000,0.0000,+0.0000,0,1789,7287,0,598,7287
0000271_00001_d_0000374,3,awning-tri,0.9298,0.9776,+0.0478,1734,54,77,1787,17,24
0000271_00001_d_0000374,4,car,0.7400,0.0000,-0.7400,3228,234,900,0,1830,4128
0000271_00001_d_0000374,5,car,0.6518,0.0000,-0.6518,4480,1126,1267,0,250,5747
0000271_00001_d_0000374,6,van,0.0219,0.0000,-0.0219,138,676,5501,0,2007,5639
0000271_00001_d_0000374,7,van,0.0332,0.0000,-0.0332,236,4675,2204,0,1049,2440
0000271_00001_d_0000374,8,car,0.0132,0.0000,-0.0132,43,561,2663,0,157,2706
0000271_00001_d_0000374,9,car,0.7365,0.0000,-0.7365,1758,365,264,0,1404,2022
0000271_00001_d_0000374,10,tricycle,0.8996,0.9428,+0.0432,1335,58,91,1369,26,57
0000271_00001_d_0000374,11,van,0.0379,0.9168,+0.8788,170,2616,1694,1729,22,135
0000271_00001_d_0000374,12,truck,0.7842,0.8954,+0.1112,3125,735,125,2945,39,305
0000271_00001_d_0000374,13,van,0.5754,0.0000,-0.5754,1217,310,588,0,721,1805
0000276_05001_d_0000532,1,car,0.7205,0.8926,+0.1721,959,55,317,1238,111,38
0000276_05001_d_0000532,2,car,0.8786,0.9360,+0.0574,586,43,38,585,1,39
0000276_05001_d_0000532,3,car,0.8362,0.7388,-0.0974,245,26,22,198,1,69
0000276_05001_d_0000532,4,car,0.8647,0.6480,-0.2167,115,8,10,81,0,44
0000276_05001_d_0000532,5,car,0.7771,0.6800,-0.0971,136,26,13,102,1,47
0000276_05001_d_0000532,6,car,0.7339,0.0000,-0.7339,91,23,10,0,30,101
0000276_05001_d_0000532,7,car,0.8877,0.9168,+0.0291,2981,185,192,3162,276,11
0000283_00401_d_0000676,1,car,0.8554,0.8275,-0.0279,284,20,28,259,1,53
0000283_00401_d_0000676,2,car,0.0093,0.0000,-0.0093,61,426,6055,0,1985,6116
0000283_00401_d_0000676,3,car,0.0350,0.8876,+0.8526,101,681,2100,1967,15,234
0000283_00401_d_0000676,4,car,0.0026,0.0723,+0.0697,44,347,16519,1197,0,15366
0000312_04201_d_0000435,1,car,0.8536,0.0000,-0.8536,3602,100,518,0,342,4120
0000312_04201_d_0000435,2,car,0.7587,0.0000,-0.7587,3650,210,951,0,4271,4601
0000312_04201_d_0000435,3,car,0.0277,0.9810,+0.9532,148,350,4839,4951,60,36
0000312_04201_d_0000435,4,car,0.8077,0.0000,-0.8077,3940,143,795,0,911,4735
0000312_04201_d_0000435,5,car,0.7666,0.9712,+0.2046,3771,321,827,4555,92,43
0000312_04201_d_0000435,6,car,0.0000,0.0000,+0.0000,0,1523,5629,0,3601,5629
0000312_04201_d_0000435,7,car,0.0144,0.0000,-0.0144,62,552,3688,0,285,3750
0000312_04201_d_0000435,8,car,0.7511,0.0026,-0.7485,3332,521,583,13,1110,3902
0000312_04201_d_0000435,9,car,0.7294,0.0000,-0.7294,3967,195,1277,0,294,5244
0000312_04201_d_0000435,10,car,0.8620,0.0000,-0.8620,3649,145,439,0,4485,4088
0000312_04201_d_0000435,11,car,0.8295,0.0000,-0.8295,4039,127,703,0,1191,4742
0000312_04201_d_0000435,12,car,0.8476,0.9421,+0.0945,2263,151,256,2488,122,31
0000312_04201_d_0000435,13,tricycle,0.8715,0.0000,-0.8715,787,18,98,0,578,885
0000312_04201_d_0000435,14,car,0.9299,0.0000,-0.9299,3637,61,213,0,3744,3850
0000312_04201_d_0000435,15,car,0.8215,0.9684,+0.1469,1643,83,274,1900,45,17
0000312_04201_d_0000435,16,car,0.7207,0.0000,-0.7207,1249,39,445,0,780,1694
0000312_04201_d_0000435,17,car,0.9162,0.0000,-0.9162,1553,62,80,0,1010,1633
0000312_04201_d_0000435,18,car,0.9356,0.9522,+0.0166,1613,74,37,1595,25,55
0000312_04201_d_0000435,19,car,0.8588,0.0000,-0.8588,1448,60,178,0,1529,1626
0000312_04201_d_0000435,20,car,0.9086,0.9688,+0.0601,3093,98,213,3290,90,16
0000312_04201_d_0000435,21,car,0.8208,0.9639,+0.1431,1580,100,245,1814,57,11
0000312_04201_d_0000435,22,car,0.9082,0.9787,+0.0706,2927,161,135,3038,42,24
0000312_04201_d_0000435,23,car,0.9245,0.9603,+0.0359,2558,82,127,2639,63,46
0000312_04201_d_0000435,24,car,0.9285,0.0000,-0.9285,2777,142,72,0,2392,2849
0000312_04201_d_0000435,25,car,0.8269,0.0000,-0.8269,2111,199,243,0,967,2354
0000312_04201_d_0000435,26,car,0.7827,0.9741,+0.1915,2031,91,473,2487,49,17
0000312_04201_d_0000435,27,car,0.9524,0.0000,-0.9524,3280,74,90,0,1098,3370
0000312_04201_d_0000435,28,car,0.8496,0.0000,-0.8496,2287,102,303,0,2921,2590
0000312_04201_d_0000435,29,car,0.0203,0.9703,+0.9500,67,532,2695,2748,70,14
0000312_04201_d_0000435,30,car,0.9022,0.9696,+0.0673,3350,209,154,3471,76,33
0000330_03201_d_0000816,1,car,0.3271,0.7528,+0.4257,438,314,587,798,35,227
0000330_03201_d_0000816,2,car,0.8846,0.0000,-0.8846,1226,50,110,0,1487,1336
0000330_03201_d_0000816,3,car,0.9323,0.9458,+0.0135,1322,75,21,1327,60,16
0000330_03201_d_0000816,4,car,0.8696,0.0000,-0.8696,1707,64,192,0,660,1899
0000330_03201_d_0000816,5,tricycle,0.0093,0.0000,-0.0093,34,40,3590,0,7451,3624
0000330_03201_d_0000816,6,car,0.0015,0.0000,-0.0015,12,11,7998,0,4220,8010
0000330_03201_d_0000816,7,car,0.0011,0.0000,-0.0011,18,666,15787,0,4215,15805
0000330_03201_d_0000816,8,car,0.7503,0.0000,-0.7503,5914,254,1714,0,4010,7628
0000330_03201_d_0000816,9,car,0.9332,0.0000,-0.9332,3941,89,193,0,4406,4134
0000330_03201_d_0000816,10,car,0.0116,0.9750,+0.9634,59,753,4292,4325,85,26
0000330_03201_d_0000816,11,car,0.0013,0.0000,-0.0013,4,99,2941,0,3467,2945
0000330_03201_d_0000816,12,car,0.3697,0.9698,+0.6001,2745,315,4365,7091,202,19
0000330_03201_d_0000816,13,car,0.0008,0.9723,+0.9715,12,773,13397,13253,221,156
0000330_03201_d_0000816,14,car,0.7472,0.0000,-0.7472,1655,252,308,0,464,1963
0000330_03201_d_0000816,15,tricycle,0.7785,0.1010,-0.6775,499,17,125,63,0,561
0000330_03201_d_0000816,16,car,0.8957,0.9660,+0.0703,1366,113,46,1394,31,18
0000330_03201_d_0000816,17,van,0.9376,0.0000,-0.9376,1066,28,43,0,1162,1109
0000330_03201_d_0000816,18,van,0.4323,0.0000,-0.4323,926,704,512,0,1006,1438
0000330_03201_d_0000816,19,car,0.8405,0.8379,-0.0026,722,22,115,708,8,129
0000330_03201_d_0000816,20,car,0.0073,0.9527,+0.9454,19,35,2534,2480,50,73
0000330_03201_d_0000816,21,tricycle,0.5938,0.7156,+0.1218,2370,261,1360,2730,85,1000
0000330_03201_d_0000816,22,car,0.8815,0.0000,-0.8815,2387,91,230,0,601,2617
0000330_03201_d_0000816,23,tricycle,0.0496,0.4184,+0.3688,84,297,1314,587,5,811
0000330_03201_d_0000816,24,car,0.0128,0.0000,-0.0128,70,553,4841,0,587,4911
0000330_03201_d_0000816,25,van,0.9111,0.0000,-0.9111,3842,158,217,0,1892,4059
0000330_03201_d_0000816,26,van,0.8860,0.9530,+0.0670,1779,143,86,1824,49,41
0000330_03201_d_0000816,27,car,0.0278,0.0004,-0.0274,53,590,1266,1,1427,1318
0000330_03201_d_0000816,28,car,0.1311,0.0004,-0.1306,300,891,1098,1,831,1397
0000330_03201_d_0000816,29,car,0.8355,0.8681,+0.0326,782,76,78,750,4,110
0000330_03201_d_0000816,30,car,0.7053,0.0000,-0.7053,1781,428,316,0,1144,2097
0000330_03201_d_0000816,31,car,0.0318,0.0000,-0.0318,99,1859,1158,0,852,1257
0000330_03201_d_0000816,32,car,0.1602,0.0000,-0.1602,542,1759,1083,0,935,1625
0000330_03201_d_0000816,33,car,0.9092,0.0000,-0.9092,531,34,19,0,164,550
0000330_03201_d_0000816,34,car,0.3587,0.0000,-0.3587,443,332,460,0,726,903
0000333_03137_d_0000017,1,car,0.8403,0.8990,+0.0588,1052,143,57,997,0,112
0000333_03137_d_0000017,2,car,0.9443,0.9388,-0.0055,847,33,17,813,2,51
0000333_03137_d_0000017,3,car,0.9231,0.0000,-0.9231,1152,29,67,0,569,1219
0000333_03137_d_0000017,4,car,0.9491,0.9410,-0.0082,1101,19,40,1084,11,57
0000333_03137_d_0000017,5,car,0.7433,0.0000,-0.7433,918,87,230,0,173,1148
0000333_03137_d_0000017,6,car,0.9036,0.9417,+0.0381,975,50,54,970,1,59
0000333_03137_d_0000017,7,car,0.5863,0.9382,+0.3519,632,200,246,835,12,43
0000333_03137_d_0000017,8,car,0.8820,0.9435,+0.0615,845,75,38,835,2,48
0000333_03137_d_0000017,9,car,0.8911,0.9290,+0.0379,835,55,47,864,48,18
0000333_03137_d_0000017,10,car,0.7576,0.9518,+0.1942,675,66,150,790,5,35
0000333_03137_d_0000017,11,car,0.9397,0.9437,+0.0040,873,32,24,855,9,42
0000333_03137_d_0000017,12,car,0.8722,0.8936,+0.0214,819,40,80,806,3,93
0000333_03137_d_0000017,13,car,0.9032,0.9076,+0.0043,896,41,55,864,1,87
0000333_03137_d_0000017,14,car,0.8891,0.0000,-0.8891,457,24,33,0,98,490
0000333_03137_d_0000017,15,car,0.8574,0.8788,+0.0214,421,29,41,406,0,56
0000333_03137_d_0000017,16,car,0.9132,0.8956,-0.0176,747,34,37,712,11,72
0000333_03137_d_0000017,17,car,0.2670,0.0000,-0.2670,420,523,630,0,437,1050
0000333_03137_d_0000017,18,car,0.7551,0.9195,+0.1644,774,84,167,880,16,61
0000333_03137_d_0000017,19,car,0.3217,0.9234,+0.6016,472,457,538,952,21,58
0000333_03137_d_0000017,20,car,0.8108,0.5735,-0.2373,120,12,16,78,0,58
0000333_03137_d_0000017,21,car,0.8766,0.6954,-0.1813,135,5,14,105,2,44
0000333_03137_d_0000017,22,car,0.7786,0.7500,-0.0286,109,15,16,102,11,23
0000333_03137_d_0000017,23,tricycle,0.8273,0.7596,-0.0677,182,12,26,158,0,50
0000333_03137_d_0000017,24,car,0.9169,0.4060,-0.5109,563,18,33,242,0,354
0000360_04117_d_0000734,1,car,0.0013,0.9883,+0.9870,52,7137,32545,32474,262,123
0000360_04117_d_0000734,2,van,0.7198,0.0000,-0.7198,15077,308,5561,0,27822,20638
0000360_04117_d_0000734,3,car,0.0006,0.9816,+0.9810,22,1036,33698,33683,594,37
0000360_04117_d_0000734,4,car,0.0017,0.0000,-0.0017,29,1464,15987,0,32036,16016
0000360_04117_d_0000734,5,car,0.9153,0.9780,+0.0627,4959,130,329,5239,69,49
0000360_04117_d_0000734,6,car,0.7956,0.9622,+0.1666,3612,260,668,4128,10,152
0000360_04117_d_0000734,7,car,0.8121,0.9095,+0.0974,6883,144,1449,7746,185,586
